tot_adf_disc,local_succ_adf,time_to_first,time_to_1000
11535.0,79.8,0.1522064208984375,8.334081411361694
0.0,0.0,0.0,0.0
